{
  "cliente": {
    "clienteId": "AAA",
    "anios": [
      {
        "anio": "2019",
        "eurFacturados": "7500",
        "tipoCliente": "plata",
        "trabajosFinalizados": [
           {
              "dia": "1",
              "mes": "enero",
              "mecanicoID": "123",
              "valorTrabajo": "50",
              "tipoTrabajo": "chapa",
              "comercialId": "com1",
              "automovil": {
                  "modelo": "Getz",
                  "anio": "2011",
                  "tipoCombustible": "gasolina"
              }
           }
        ]
      }
    ]
  }
}