{ "clientes": [
  {
    "clienteId": "AAA",
    "anios": [
      {
        "anio": "2019",
        "eurFacturados": "7500",
        "tipoCliente": "plata",
        "trabajosFinalizados": [
           {
              "dia": "1",
              "mes": "enero",
              "mecanicoID": "123",
              "valorTrabajo": "50",
              "tipoTrabajo": "chapa",
              "comercialId": "com1",
              "automovil": {
                  "modelo": "Getz",
                  "anio": "2011",
                  "tipoCombustible": "gasolina"
              }
           }
        ]
      }
    ]
  },
  {
    "clienteId": "BBB",
    "anios": [
      {
        "anio": "2018",
        "eurFacturados": "16700",
        "tipoCliente": "oro",
        "trabajosFinalizados": [
           {
              "dia": "5",
              "mes": "enero",
              "mecanicoID": "123",
              "valorTrabajo": "590",
              "tipoTrabajo": "pintuda",
              "comercialId": "com2",
              "automovil": {
                  "modelo": "Tucson",
                  "anio": "2013",
                  "tipoCombustible": "diesel"
              }
           }
        ]
      },      
      {
        "anio": "2019",
        "eurFacturados": "1600",
        "tipoCliente": "oro",
        "trabajosFinalizados": [
           {
              "dia": "12",
              "mes": "agosto",
              "mecanicoID": "124",
              "valorTrabajo": "150",
              "tipoTrabajo": "frenos",
              "comercialId": "com2",
              "automovil": {
                  "modelo": "Tucson",
                  "anio": "2013",
                  "tipoCombustible": "diesel"
              }
           }
        ]
      }
    ]
  }
]
}